,actual,course_number,days,location,sec_type,term,time_start
0,40,102.0,11,12,1,1,5
1,80,202.0,14,21,1,1,13
2,106,202.0,11,10,1,1,17
3,47,202.0,8,10,1,1,16
4,13,203.0,11,9,1,1,5
5,30,206.0,11,20,1,1,23
6,98,208.0,11,13,1,1,20
7,109,208.0,11,8,1,1,20
8,63,250.0,8,9,1,1,18
9,38,251.0,11,5,1,1,20
10,49,273.0,11,24,1,1,17
11,22,302.0,8,12,1,1,18
12,23,302.0,11,9,1,1,20
13,22,310.0,11,9,1,1,23
14,84,330.0,11,9,1,1,5
15,65,350.0,8,15,1,1,16
16,44,360.0,11,24,1,1,13
17,10,400.0,10,12,2,1,13
18,28,409.0,8,9,1,1,10
19,43,420.0,11,4,1,1,17
20,60,424.0,11,10,1,1,20
21,9,490.0,7,9,1,1,13
22,13,507.0,11,9,1,1,9
23,14,520.0,8,25,1,1,13
24,29,522.0,7,19,1,1,20
25,35,533.0,8,5,1,1,18
26,62,535.0,7,10,1,1,24
27,18,547.0,8,12,1,1,18
28,29,557.0,11,5,1,1,17
29,20,562.0,7,4,1,1,17
30,16,566.0,11,25,1,1,17
31,31,573.0,11,15,1,1,9
32,24,577.0,11,10,1,1,23
33,1,601.0,0,0,8,1,1
34,23,601.0,0,0,8,1,1
35,37,601.0,0,0,8,1,1
36,27,610.0,7,9,1,1,9
37,9,612.0,11,9,1,1,9
38,24,623.0,7,9,1,1,5
39,19,646.0,7,9,1,1,17
40,8,648.0,11,9,1,1,20
41,32,652.0,11,9,1,1,13
42,8,667.0,7,9,1,1,9
43,9,694.0,0,0,2,1,1
44,5,695.0,0,0,2,1,1
45,38,698.0,0,0,6,1,1
46,22,699.0,0,0,6,1,1
47,1,701.0,0,0,6,1,1
48,3,761.0,10,9,1,1,17
49,3,761.0,9,9,1,1,17
50,13,765.0,11,9,1,1,9
51,16,766.0,11,9,1,1,13
52,8,766.0,11,9,1,1,23
53,25,767.0,11,9,1,1,23
54,13,102.0,11,5,1,2,5
55,69,202.0,8,9,1,2,13
56,84,202.0,11,13,1,2,9
57,45,202.0,8,11,1,2,16
58,16,203.0,11,11,1,2,9
59,51,206.0,11,5,1,2,23
60,114,208.0,11,9,1,2,20
61,54,208.0,10,15,1,2,23
62,74,250.0,8,5,1,2,18
63,34,251.0,11,11,1,2,20
64,14,252.0,11,12,1,2,20
65,22,273.0,11,5,1,2,17
66,41,302.0,8,11,1,2,18
67,23,303.0,11,11,1,2,23
68,43,304.0,8,11,1,2,20
69,54,310.0,8,11,1,2,22
70,25,335.0,8,11,1,2,10
71,42,360.0,11,11,1,2,9
72,36,361.0,8,9,1,2,7
73,14,362.0,11,11,1,2,13
74,13,400.0,0,0,2,2,1
75,56,421.0,11,24,1,2,9
76,29,423.0,8,11,1,2,10
77,39,435.0,8,5,1,2,20
78,14,506.0,11,11,1,2,20
79,37,526.0,8,5,1,2,18
80,8,531.0,11,11,1,2,13
81,19,537.0,11,11,1,2,13
82,19,540.0,11,11,1,2,17
83,26,558.0,11,11,1,2,17
84,13,567.0,11,9,1,2,23
85,33,575.0,11,11,1,2,5
86,21,601.0,0,0,8,2,1
87,50,601.0,0,0,8,2,1
88,4,617.0,11,9,1,2,20
89,14,642.0,11,9,1,2,9
90,21,644.0,7,9,1,2,13
91,1,647.0,11,9,1,2,17
92,5,690.0,11,9,1,2,23
93,8,694.0,0,0,2,2,1
94,10,695.0,0,0,2,2,1
95,4,698.0,0,0,6,2,1
96,25,699.0,0,0,6,2,1
97,3,701.0,0,0,6,2,1
98,11,760.0,11,9,1,2,23
99,9,760.0,7,9,1,2,17
100,10,761.0,11,9,1,2,13
101,9,762.0,7,9,1,2,9
102,3,762.0,11,13,1,2,13
103,17,763.0,11,9,1,2,9
104,8,764.0,11,9,1,2,17
105,1,765.0,0,0,1,2,1
106,30,766.0,7,9,1,2,23
107,3,766.0,8,2,1,2,10
108,19,767.0,11,9,1,2,20
109,34,102.0,11,11,1,3,5
110,92,202.0,8,13,1,3,13
111,84,202.0,11,11,1,3,17
112,47,202.0,8,11,1,3,16
113,11,203.0,11,11,1,3,5
114,41,206.0,11,11,1,3,23
115,130,208.0,11,13,1,3,20
116,110,208.0,11,11,1,3,20
117,71,250.0,8,11,1,3,18
118,32,251.0,11,11,1,3,20
119,35,273.0,11,11,1,3,17
120,29,302.0,8,5,1,3,18
121,12,302.0,8,5,1,3,18
122,20,310.0,11,11,1,3,23
123,67,330.0,11,11,1,3,5
124,48,350.0,8,11,1,3,16
125,36,360.0,11,11,1,3,13
126,1,400.0,0,0,2,3,1
127,16,409.0,8,11,1,3,10
128,19,420.0,11,11,1,3,17
129,39,424.0,11,11,1,3,20
130,14,426.0,11,15,1,3,13
131,23,462.0,11,7,1,3,9
132,10,507.0,11,11,1,3,9
133,25,520.0,8,11,1,3,13
134,20,522.0,7,11,1,3,2
135,6,525.0,8,5,1,3,18
136,31,533.0,8,11,1,3,18
137,33,535.0,7,11,1,3,24
138,20,547.0,11,9,1,3,13
139,39,557.0,11,11,1,3,17
140,12,560.0,11,11,1,3,20
141,10,563.0,8,5,1,3,10
142,15,566.0,11,9,1,3,17
143,13,573.0,11,11,1,3,9
144,18,577.0,11,20,1,3,20
145,18,601.0,1,9,8,3,22
146,48,601.0,1,9,8,3,22
147,13,610.0,7,9,1,3,9
148,5,612.0,11,9,1,3,9
149,16,623.0,7,9,1,3,17
150,17,646.0,7,9,1,3,17
151,36,652.0,11,9,1,3,13
152,14,667.0,7,9,1,3,9
153,1,669.0,0,0,5,3,1
154,16,694.0,0,0,2,3,1
155,12,695.0,0,0,2,3,1
156,39,698.0,0,0,6,3,1
157,18,699.0,0,0,6,3,1
158,5,701.0,0,0,6,3,1
159,3,760.0,7,9,1,3,20
160,8,762.0,7,9,1,3,20
161,14,765.0,11,9,1,3,9
162,9,766.0,11,9,1,3,20
163,16,767.0,11,9,1,3,23
164,21,102.0,11,11,1,4,5
165,76,202.0,8,11,1,4,13
166,66,202.0,11,9,1,4,9
167,43,202.0,8,11,1,4,16
168,65,206.0,11,20,1,4,23
169,87,208.0,11,5,1,4,20
170,46,208.0,11,11,1,4,20
171,56,250.0,8,15,1,4,18
172,12,250.0,8,15,1,4,18
173,42,251.0,11,11,1,4,20
174,15,252.0,11,11,1,4,20
175,16,273.0,11,11,1,4,17
176,32,302.0,8,11,1,4,18
177,10,303.0,11,11,1,4,20
178,27,304.0,8,11,1,4,20
179,30,310.0,8,11,1,4,22
180,19,335.0,8,11,1,4,10
181,34,360.0,11,11,1,4,9
182,42,361.0,8,11,1,4,7
183,8,362.0,11,11,1,4,13
184,7,400.0,0,0,2,4,1
185,40,421.0,11,11,1,4,9
186,26,423.0,8,11,1,4,10
187,29,435.0,8,11,1,4,20
188,16,506.0,11,11,1,4,9
189,10,523.0,11,20,1,4,13
190,46,526.0,8,11,1,4,18
191,11,531.0,11,11,1,4,13
192,17,540.0,11,11,1,4,17
193,21,558.0,11,9,1,4,17
194,11,564.0,11,7,1,4,13
195,17,601.0,1,9,8,4,22
196,35,601.0,1,9,8,4,22
197,3,617.0,11,9,1,4,20
198,13,621.0,7,9,1,4,9
199,6,642.0,11,9,1,4,9
200,15,644.0,7,9,1,4,13
201,1,669.0,0,0,5,4,1
202,7,694.0,0,0,2,4,1
203,8,695.0,0,0,2,4,1
204,6,698.0,0,0,6,4,1
205,27,699.0,0,0,6,4,1
206,4,701.0,0,0,6,4,1
207,0,760.0,13,5,1,4,17
208,7,761.0,11,9,1,4,17
209,4,761.0,8,11,1,4,10
210,12,762.0,2,9,1,4,9
211,15,763.0,11,9,1,4,9
212,12,764.0,11,9,1,4,17
213,9,765.0,7,9,1,4,20
214,12,766.0,7,9,1,4,23
215,16,767.0,11,9,1,4,20
216,36,102.0,11,11,1,5,5
217,104,202.0,8,13,1,5,13
218,102,202.0,11,11,1,5,17
219,53,202.0,8,11,1,5,16
220,47,206.0,11,11,1,5,23
221,137,208.0,11,13,1,5,20
222,86,208.0,11,11,1,5,20
223,73,250.0,8,11,1,5,18
224,26,251.0,11,11,1,5,9
225,28,273.0,11,11,1,5,17
226,29,302.0,8,5,1,5,18
227,19,302.0,8,5,1,5,18
228,12,303.0,11,11,1,5,20
229,16,310.0,11,11,1,5,23
230,57,330.0,11,11,1,5,5
231,37,350.0,8,11,1,5,16
232,20,360.0,11,11,1,5,13
233,5,362.0,11,9,1,5,13
234,4,400.0,2,0,2,5,18
235,10,409.0,8,11,1,5,10
236,26,420.0,11,11,1,5,17
237,36,424.0,11,11,1,5,20
238,3,426.0,8,5,1,5,7
239,9,462.0,11,7,1,5,9
240,11,507.0,11,11,1,5,9
241,23,520.0,8,11,1,5,13
242,7,522.0,7,11,1,5,2
243,7,525.0,8,5,1,5,10
244,20,533.0,11,11,1,5,9
245,16,535.0,7,11,1,5,24
246,20,547.0,11,9,1,5,13
247,12,552.0,7,5,1,5,16
248,30,557.0,11,11,1,5,17
249,10,566.0,11,9,1,5,5
250,12,601.0,1,9,8,5,22
251,31,601.0,1,9,8,5,22
252,4,610.0,7,9,1,5,9
253,1,612.0,11,9,1,5,9
254,10,623.0,7,9,1,5,17
255,14,644.0,7,9,1,5,13
256,8,648.0,11,9,1,5,20
257,7,649.0,11,9,1,5,20
258,29,652.0,11,9,1,5,13
259,6,655.0,11,9,1,5,17
260,9,667.0,11,9,1,5,17
261,12,690.0,11,9,1,5,9
262,9,694.0,0,0,2,5,1
263,10,695.0,0,0,2,5,1
264,21,698.0,0,0,6,5,1
265,8,699.0,0,0,6,5,1
266,0,701.0,0,0,6,5,1
267,5,760.0,9,5,1,5,20
268,5,762.0,7,9,1,5,20
269,19,102.0,11,11,1,6,5
270,62,202.0,8,11,1,6,13
271,81,202.0,11,7,1,6,9
272,73,202.0,8,11,1,6,16
273,23,203.0,11,11,1,6,5
274,62,206.0,11,11,1,6,23
275,137,208.0,11,5,1,6,20
276,0,208.0,11,0,1,6,20
277,46,250.0,8,15,1,6,18
278,19,250.0,8,15,1,6,18
279,24,251.0,11,11,1,6,20
280,10,252.0,11,9,1,6,20
281,19,273.0,11,11,1,6,17
282,42,302.0,8,11,1,6,18
283,22,304.0,8,11,1,6,20
284,26,310.0,8,11,1,6,22
285,21,335.0,8,11,1,6,10
286,29,360.0,11,11,1,6,9
287,38,361.0,8,11,1,6,7
288,10,400.0,9,12,2,6,23
289,16,417.0,11,11,1,6,13
290,22,421.0,11,11,1,6,9
291,13,423.0,8,11,1,6,10
292,23,435.0,8,11,1,6,20
293,11,506.0,11,11,1,6,17
294,8,523.0,11,11,1,6,13
295,20,526.0,8,11,1,6,10
296,4,531.0,11,9,1,6,13
297,14,558.0,11,9,1,6,20
298,6,564.0,11,0,1,6,13
299,7,575.0,11,9,1,6,9
300,12,601.0,1,0,8,6,22
301,21,601.0,1,0,8,6,22
302,5,614.0,11,9,1,6,17
303,17,616.0,2,7,5,6,14
304,14,618.0,7,7,1,6,20
305,10,621.0,7,9,1,6,9
306,16,646.0,11,9,1,6,9
307,14,680.0,7,9,1,6,23
308,2,694.0,0,0,2,6,1
309,4,695.0,0,0,2,6,1
310,7,698.0,0,0,6,6,1
311,22,699.0,0,0,6,6,1
312,5,701.0,0,0,6,6,1
313,6,760.0,8,9,1,6,9
314,0,760.0,11,0,1,6,1
315,5,761.0,11,9,1,6,5
316,5,762.0,7,9,1,6,13
317,14,763.0,11,9,1,6,9
318,14,764.0,11,9,1,6,13
319,9,765.0,7,9,1,6,20
320,39,102.0,11,11,1,7,5
321,107,202.0,8,11,1,7,13
322,115,202.0,11,11,1,7,17
323,73,202.0,8,11,1,7,16
324,58,206.0,11,10,1,7,23
325,139,208.0,11,11,1,7,20
326,100,208.0,11,10,1,7,20
327,16,230.0,11,25,1,7,23
328,85,250.0,8,11,1,7,18
329,38,251.0,11,11,1,7,9
330,30,273.0,11,11,1,7,17
331,28,302.0,8,11,1,7,18
332,10,302.0,8,11,1,7,18
333,16,303.0,11,11,1,7,20
334,21,310.0,11,11,1,7,23
335,70,330.0,11,9,1,7,5
336,27,350.0,11,2,1,7,20
337,25,360.0,11,11,1,7,13
338,2,396.0,13,5,2,7,9
339,1,400.0,2,0,2,7,18
340,18,409.0,8,11,1,7,10
341,21,420.0,11,11,1,7,17
342,41,424.0,11,11,1,7,20
343,9,426.0,11,11,1,7,9
344,23,512.0,7,9,1,7,17
345,13,520.0,8,11,1,7,13
346,5,522.0,7,11,1,7,2
347,16,529.0,11,13,1,7,5
348,20,533.0,11,11,1,7,9
349,13,535.0,7,11,1,7,24
350,24,547.0,11,9,1,7,13
351,10,560.0,11,22,1,7,20
352,12,566.0,11,9,1,7,5
353,13,601.0,1,0,8,7,22
354,19,601.0,1,0,8,7,22
355,7,612.0,11,9,1,7,9
356,8,616.0,13,7,5,7,20
357,16,616.0,13,7,5,7,20
358,17,644.0,7,9,1,7,13
359,24,652.0,7,9,1,7,20
360,1,655.0,11,9,1,7,17
361,12,667.0,11,9,1,7,17
362,3,680.0,7,9,1,7,23
363,10,690.0,11,9,1,7,9
364,10,692.0,7,9,1,7,9
365,1,694.0,0,0,2,7,1
366,0,695.0,0,0,2,7,1
367,16,698.0,0,0,6,7,1
368,10,699.0,0,0,6,7,1
369,5,701.0,0,0,6,7,1
370,5,762.0,11,9,1,7,20
371,7,766.0,11,17,1,7,17
372,24,102.0,11,11,1,8,5
373,5,199.0,8,9,5,8,22
374,69,202.0,8,5,1,8,13
375,87,202.0,11,10,1,8,9
376,35,202.0,8,11,1,8,16
377,17,203.0,11,11,1,8,5
378,68,206.0,9,11,1,8,23
379,123,208.0,11,11,1,8,20
380,31,208.0,11,11,1,8,20
381,55,250.0,8,9,1,8,18
382,29,250.0,8,9,1,8,18
383,37,251.0,11,11,1,8,20
384,19,252.0,11,11,1,8,20
385,25,273.0,11,11,1,8,17
386,15,280.0,8,11,1,8,20
387,43,302.0,8,11,1,8,18
388,23,304.0,8,11,1,8,20
389,28,310.0,8,11,1,8,22
390,14,335.0,8,11,1,8,10
391,37,360.0,11,11,1,8,9
392,43,361.0,8,11,1,8,7
393,3,396.0,13,4,2,8,9
394,7,400.0,13,11,2,8,19
395,12,417.0,11,11,1,8,13
396,29,421.0,8,11,1,8,18
397,8,490.0,11,9,1,8,23
398,18,506.0,11,11,1,8,17
399,19,521.0,11,9,1,8,9
400,26,526.0,8,11,1,8,10
401,12,540.0,11,15,1,8,17
402,4,564.0,11,0,1,8,13
403,7,567.0,7,9,1,8,13
404,10,575.0,11,11,1,8,9
405,13,601.0,1,0,8,8,22
406,21,601.0,1,0,8,8,22
407,8,616.0,2,7,5,8,14
408,2,616.0,2,7,5,8,14
409,4,617.0,11,9,1,8,20
410,8,618.0,7,7,1,8,20
411,8,621.0,8,9,1,8,7
412,15,627.0,8,9,1,8,18
413,4,642.0,11,9,1,8,9
414,5,647.0,11,9,1,8,17
415,1,694.0,0,0,2,8,1
416,2,695.0,0,0,2,8,1
417,5,698.0,0,0,6,8,1
418,22,699.0,0,0,6,8,1
419,7,701.0,0,0,6,8,1
420,3,761.0,11,9,1,8,3
421,9,762.0,7,9,1,8,20
422,15,765.0,7,9,1,8,17
423,6,767.0,11,9,1,8,20
424,22,102.0,11,11,1,9,5
425,92,202.0,8,11,1,9,13
426,132,202.0,11,11,1,9,17
427,57,202.0,8,20,1,9,16
428,57,206.0,8,11,1,9,20
429,120,208.0,11,11,1,9,20
430,53,208.0,11,5,1,9,20
431,100,208.0,11,13,1,9,20
432,11,230.0,11,11,1,9,23
433,90,250.0,8,11,1,9,18
434,60,251.0,11,11,1,9,9
435,25,273.0,11,11,1,9,17
436,34,302.0,8,11,1,9,18
437,19,303.0,11,11,1,9,20
438,21,310.0,11,11,1,9,23
439,7,321.0,2,11,1,9,24
440,27,322.0,13,11,1,9,22
441,36,330.0,8,11,1,9,18
442,39,350.0,11,11,1,9,20
443,14,360.0,11,11,1,9,13
444,10,362.0,11,22,1,9,13
445,2,396.0,2,9,2,9,18
446,1,400.0,2,9,2,9,18
447,16,420.0,11,11,1,9,17
448,32,424.0,11,11,1,9,20
449,12,426.0,8,11,1,9,10
450,3,462.0,7,7,1,9,9
451,10,520.0,8,11,1,9,13
452,18,525.0,13,12,1,9,7
453,12,529.0,11,11,1,9,5
454,17,535.0,7,11,1,9,24
455,6,547.0,11,11,1,9,17
456,3,552.0,7,9,1,9,17
457,29,557.0,11,2,1,9,17
458,19,558.0,11,20,1,9,23
459,13,561.0,7,7,1,9,9
460,7,566.0,11,9,1,9,5
461,23,598.0,11,9,8,9,13
462,13,601.0,1,9,8,9,22
463,18,601.0,1,9,8,9,22
464,5,612.0,11,9,1,9,9
465,8,616.0,13,7,5,9,20
466,1,616.0,13,7,5,9,20
467,19,652.0,7,9,1,9,20
468,3,655.0,11,9,1,9,17
469,13,667.0,11,9,1,9,17
470,2,669.0,1,9,5,9,20
471,11,690.0,11,9,1,9,9
472,2,694.0,0,0,2,9,1
473,1,695.0,0,0,2,9,1
474,9,698.0,0,0,6,9,1
475,10,699.0,0,0,6,9,1
476,2,701.0,0,0,6,9,1
477,1,761.0,11,9,1,9,23
478,7,765.0,11,11,1,9,9
479,1,767.0,11,5,1,9,9
480,16,102.0,11,11,1,10,5
481,4,199.0,8,9,5,10,22
482,48,202.0,8,11,1,10,13
483,85,202.0,11,13,1,10,9
484,39,202.0,8,5,1,10,16
485,66,206.0,11,10,1,10,23
486,139,208.0,11,11,1,10,20
487,64,208.0,11,11,1,10,20
488,90,250.0,8,11,1,10,18
489,36,251.0,11,11,1,10,20
490,21,252.0,11,12,1,10,20
491,35,273.0,11,15,1,10,17
492,23,280.0,8,13,1,10,20
493,43,302.0,8,11,1,10,18
494,25,304.0,8,11,1,10,20
495,23,310.0,1,11,1,10,22
496,34,322.0,13,15,1,10,22
497,18,335.0,8,11,1,10,10
498,35,360.0,11,11,1,10,9
499,24,361.0,8,11,1,10,7
500,27,364.0,8,11,1,10,16
501,7,396.0,2,9,2,10,12
502,5,400.0,2,9,2,10,12
503,22,409.0,8,13,1,10,10
504,14,421.0,8,11,1,10,18
505,14,423.0,8,12,1,10,16
506,11,506.0,11,11,1,10,17
507,17,521.0,11,2,1,10,9
508,16,523.0,11,11,1,10,13
509,27,526.0,8,11,1,10,10
510,10,540.0,11,11,1,10,17
511,6,567.0,7,9,1,10,13
512,5,575.0,11,11,1,10,9
513,13,601.0,1,9,8,10,22
514,19,601.0,1,9,8,10,22
515,8,616.0,9,7,5,10,20
516,4,616.0,9,7,5,10,20
517,2,617.0,11,9,1,10,20
518,14,618.0,7,7,1,10,20
519,14,621.0,8,9,1,10,7
520,8,642.0,11,9,1,10,23
521,15,646.0,11,9,1,10,9
522,2,669.0,1,9,5,10,20
523,1,694.0,0,0,2,10,1
524,1,695.0,0,0,2,10,1
525,6,698.0,0,0,6,10,1
526,15,699.0,0,0,6,10,1
527,4,701.0,0,0,6,10,1
528,4,761.0,11,9,1,10,13
529,18,763.0,7,9,1,10,13
530,7,764.0,7,9,1,10,0
531,5,766.0,11,9,1,10,13
532,35,102.0,11,11,1,11,5
533,135,202.0,8,5,1,11,13
534,133,202.0,11,11,1,11,17
535,70,202.0,8,10,1,11,16
536,61,206.0,8,11,1,11,20
537,129,208.0,11,11,1,11,20
538,67,208.0,11,10,1,11,20
539,57,208.0,11,10,1,11,20
540,21,230.0,11,11,1,11,23
541,100,250.0,8,11,1,11,18
542,50,251.0,11,11,1,11,9
543,63,302.0,14,25,1,11,18
544,25,303.0,11,11,1,11,20
545,18,310.0,11,11,1,11,23
546,6,321.0,2,11,1,11,24
547,23,322.0,13,11,1,11,22
548,44,330.0,8,11,1,11,18
549,40,350.0,11,11,1,11,20
550,26,360.0,11,11,1,11,13
551,15,362.0,11,11,1,11,13
552,1,396.0,2,0,2,11,18
553,1,400.0,2,0,2,11,18
554,7,417.0,8,12,1,11,10
555,5,462.0,7,7,1,11,9
556,31,512.0,7,11,1,11,17
557,11,520.0,8,11,1,11,13
558,22,522.0,7,11,1,11,2
559,37,535.0,7,11,1,11,24
560,19,547.0,11,11,1,11,17
561,34,557.0,11,11,1,11,17
562,20,558.0,11,11,1,11,23
563,9,561.0,7,7,1,11,9
564,17,566.0,11,9,1,11,5
565,12,598.0,11,20,8,11,23
566,10,601.0,1,9,8,11,22
567,14,601.0,1,9,8,11,22
568,6,616.0,13,14,5,11,20
569,4,616.0,13,14,5,11,20
570,40,652.0,7,9,1,11,20
571,1,669.0,1,5,5,11,20
572,18,690.0,11,9,1,11,9
573,0,694.0,0,0,2,11,1
574,1,695.0,0,0,2,11,1
575,13,698.0,0,0,6,11,1
576,7,699.0,0,0,6,11,1
577,1,701.0,0,0,6,11,1
578,9,761.0,11,5,1,11,20
579,4,762.0,7,9,1,11,20
580,15,102.0,11,11,1,12,5
581,97,202.0,8,5,1,12,13
582,75,202.0,11,11,1,12,9
583,54,202.0,8,11,1,12,16
584,82,206.0,11,20,1,12,23
585,74,208.0,11,11,1,12,20
586,58,208.0,11,11,1,12,20
587,50,208.0,11,11,1,12,20
588,108,250.0,8,11,1,12,18
589,65,251.0,11,5,1,12,20
590,12,252.0,11,11,1,12,20
591,79,273.0,11,20,1,12,17
592,16,280.0,8,11,1,12,20
593,32,304.0,8,11,1,12,20
594,22,310.0,8,10,1,12,22
595,33,322.0,13,11,1,12,22
596,46,361.0,8,11,1,12,7
597,1,396.0,2,9,2,12,15
598,6,400.0,2,9,2,12,15
599,46,421.0,11,11,1,12,20
600,69,424.0,11,11,1,12,9
601,19,524.0,8,9,1,12,13
602,18,527.0,11,11,1,12,13
603,34,540.0,11,22,1,12,17
604,16,564.0,7,0,1,12,16
605,15,599.0,11,11,8,12,23
606,10,601.0,1,9,8,12,22
607,16,601.0,1,9,8,12,22
608,6,616.0,9,14,5,12,20
609,2,616.0,9,14,5,12,20
610,9,618.0,7,0,1,12,20
611,16,621.0,8,9,1,12,7
612,4,649.0,11,9,1,12,20
613,1,669.0,1,0,5,12,20
614,0,694.0,0,0,2,12,1
615,0,695.0,0,0,2,12,1
616,11,698.0,0,0,6,12,1
617,14,699.0,0,0,6,12,1
618,3,701.0,0,0,6,12,1
619,5,761.0,11,9,1,12,23
620,13,765.0,7,9,1,12,17
621,25,102.0,11,11,1,13,5
622,135,202.0,8,5,1,13,13
623,116,202.0,11,11,1,13,17
624,108,202.0,8,5,1,13,16
625,86,206.0,8,9,1,13,20
626,141,208.0,11,11,1,13,20
627,65,208.0,11,9,1,13,20
628,29,208.0,11,12,1,13,20
629,21,230.0,11,11,1,13,23
630,134,250.0,8,11,1,13,18
631,58,251.0,11,11,1,13,9
632,30,273.0,11,9,1,13,17
633,85,302.0,8,10,1,13,18
634,41,303.0,11,11,1,13,20
635,29,310.0,11,11,1,13,23
636,6,321.0,2,11,1,13,24
637,52,330.0,8,2,1,13,22
638,55,360.0,11,11,1,13,13
639,11,362.0,11,11,1,13,13
640,5,396.0,2,0,2,13,18
641,0,400.0,2,0,2,13,18
642,0,401.0,0,0,0,13,1
643,10,417.0,8,11,1,13,10
644,4,462.0,11,11,1,13,9
645,0,499.0,13,0,5,13,20
646,32,512.0,11,2,1,13,9
647,17,520.0,8,11,1,13,13
648,39,535.0,7,11,1,13,24
649,17,547.0,11,11,1,13,17
650,51,557.0,11,11,1,13,17
651,20,558.0,11,20,1,13,23
652,6,561.0,11,11,1,13,9
653,5,575.0,7,9,1,13,9
654,8,601.0,1,9,8,13,22
655,13,601.0,1,9,8,13,22
656,11,616.0,13,14,5,13,20
657,1,616.0,13,14,5,13,20
658,38,652.0,7,9,1,13,20
659,16,667.0,11,9,1,13,13
660,1,669.0,1,0,5,13,20
661,15,690.0,11,9,1,13,5
662,0,694.0,0,0,2,13,1
663,0,695.0,0,0,2,13,1
664,13,698.0,0,0,6,13,1
665,6,699.0,0,0,6,13,1
666,2,701.0,0,0,6,13,1
667,5,762.0,1,9,1,13,16
668,60,202.0,8,20,1,14,13
669,114,202.0,11,10,1,14,9
670,77,202.0,8,5,1,14,16
671,121,206.0,11,11,1,14,23
672,61,208.0,11,10,1,14,20
673,50,208.0,11,11,1,14,20
674,15,208.0,11,5,1,14,20
675,128,250.0,8,11,1,14,18
676,79,251.0,11,11,1,14,20
677,21,252.0,11,5,1,14,20
678,57,273.0,11,11,1,14,17
679,64,302.0,8,10,1,14,18
680,26,304.0,8,11,1,14,20
681,40,310.0,8,5,1,14,22
682,47,322.0,13,11,1,14,22
683,23,335.0,8,5,1,14,10
684,27,350.0,11,9,1,14,20
685,58,361.0,8,11,1,14,7
686,12,364.0,8,11,1,14,16
687,2,396.0,13,0,2,14,18
688,3,400.0,0,0,2,14,18
689,0,401.0,0,0,0,14,1
690,49,421.0,11,11,1,14,20
691,60,424.0,11,11,1,14,9
692,0,499.0,13,11,5,14,20
693,28,521.0,8,12,1,14,18
694,18,529.0,11,11,1,14,17
695,8,531.0,7,11,1,14,5
696,35,540.0,11,9,1,14,17
697,20,567.0,7,9,1,14,9
698,0,567.0,0,0,1,14,1
699,15,598.0,11,12,8,14,5
700,15,599.0,11,9,8,14,23
701,8,601.0,1,9,8,14,22
702,21,601.0,1,9,8,14,22
703,17,610.0,11,9,1,14,9
704,12,614.0,11,9,1,14,13
705,11,616.0,13,11,5,14,20
706,1,616.0,13,11,5,14,20
707,9,618.0,7,0,1,14,16
708,8,621.0,8,9,1,14,7
709,9,647.0,7,9,1,14,17
710,3,655.0,7,9,1,14,13
711,1,669.0,1,0,5,14,20
712,3,694.0,0,0,2,14,1
713,3,695.0,0,0,2,14,1
714,1,698.0,0,0,6,14,1
715,11,699.0,0,0,6,14,1
716,4,701.0,0,0,6,14,1
717,7,760.0,11,9,1,14,9
718,5,761.0,7,9,1,14,22
719,6,765.0,7,9,1,14,17
720,11,766.0,11,9,1,14,13
721,39,102.0,11,11,1,15,13
722,114,202.0,8,11,1,15,18
723,173,202.0,11,9,1,15,20
724,124,202.0,8,2,1,15,16
725,75,206.0,8,11,1,15,24
726,86,208.0,11,11,1,15,23
727,101,208.0,11,9,1,15,13
728,63,208.0,11,11,1,15,9
729,30,230.0,11,11,1,15,13
730,136,250.0,8,11,1,15,20
731,79,251.0,11,11,1,15,5
732,60,273.0,11,11,1,15,17
733,67,302.0,8,11,1,15,7
734,53,303.0,11,11,1,15,20
735,21,310.0,11,11,1,15,9
736,48,330.0,8,11,1,15,18
737,41,350.0,7,11,1,15,13
738,37,360.0,11,11,1,15,13
739,10,361.0,8,11,1,15,7
740,8,362.0,11,9,1,15,20
741,2,396.0,9,0,2,15,11
742,4,400.0,9,0,2,15,11
743,1,401.0,0,0,0,15,1
744,35,409.0,11,11,1,15,17
745,6,417.0,8,9,1,15,10
746,8,462.0,11,9,1,15,17
747,0,499.0,13,11,5,15,20
748,42,512.0,11,11,1,15,9
749,11,520.0,8,9,1,15,6
750,7,523.0,7,9,1,15,20
751,33,533.0,11,9,1,15,13
752,16,547.0,7,11,1,15,17
753,25,557.0,7,11,1,15,20
754,16,558.0,7,11,1,15,23
755,8,561.0,11,9,1,15,17
756,11,566.0,11,11,1,15,5
757,3,601.0,1,9,8,15,22
758,20,601.0,1,9,8,15,22
759,14,616.0,13,11,5,15,20
760,2,616.0,13,11,5,15,20
761,54,652.0,7,9,1,15,9
762,0,669.0,1,5,5,15,19
763,20,690.0,7,9,1,15,5
764,3,691.0,0,0,6,15,1
765,0,693.0,0,0,2,15,1
766,2,694.0,0,0,2,15,1
767,1,695.0,0,0,2,15,1
768,0,696.0,0,0,6,15,1
769,1,697.0,0,0,6,15,1
770,7,698.0,0,0,6,15,1
771,3,699.0,0,0,6,15,1
772,1,701.0,0,0,6,15,1
773,6,760.0,11,9,1,15,13
774,27,102.0,7,2,1,16,9
775,100,202.0,8,25,1,16,10
776,132,202.0,11,11,1,16,17
777,74,202.0,8,11,1,16,20
778,146,206.0,11,9,1,16,13
779,91,208.0,11,11,1,16,20
780,68,208.0,7,11,1,16,9
781,76,208.0,11,11,1,16,9
782,134,250.0,8,11,1,16,24
783,93,251.0,7,11,1,16,23
784,30,252.0,11,9,1,16,5
785,74,273.0,11,5,1,16,17
786,83,302.0,8,11,1,16,20
787,53,310.0,8,9,1,16,5
788,70,322.0,10,11,1,16,20
789,34,360.0,7,11,1,16,13
790,10,361.0,8,5,1,16,22
791,9,364.0,8,11,1,16,16
792,7,396.0,0,0,2,16,1
793,5,400.0,0,0,2,16,1
794,2,401.0,0,0,0,16,1
795,79,421.0,11,11,1,16,13
796,83,424.0,7,11,1,16,17
797,0,499.0,13,11,5,16,20
798,25,521.0,11,9,1,16,9
799,22,529.0,11,9,1,16,17
800,18,540.0,7,9,1,16,20
801,15,559.0,7,9,1,16,23
802,10,598.0,11,9,8,16,17
803,1,601.0,1,9,8,16,22
804,13,616.0,13,11,5,16,20
805,1,616.0,13,11,5,16,20
806,10,618.0,7,0,1,16,17
807,12,642.0,7,9,1,16,9
808,12,655.0,11,9,1,16,23
809,0,669.0,1,5,5,16,19
810,2,691.0,0,0,6,16,1
811,1,693.0,0,0,2,16,1
812,1,694.0,0,0,2,16,1
813,2,695.0,0,0,2,16,1
814,2,696.0,0,0,6,16,1
815,3,697.0,0,0,6,16,1
816,8,698.0,0,0,6,16,1
817,8,699.0,0,0,6,16,1
818,4,701.0,0,0,6,16,1
819,1,760.0,11,5,1,16,17
820,4,761.0,7,9,1,16,13
821,9,764.0,1,9,1,16,17
822,17,765.0,11,9,1,16,20
823,7,766.0,11,9,1,16,9
824,16,767.0,11,9,1,16,13
825,43,102.0,11,11,1,17,13
826,29,189.0,8,11,1,17,5
827,194,202.0,8,9,1,17,7
828,176,202.0,11,12,1,17,20
829,110,202.0,8,9,1,17,16
830,129,206.0,6,11,1,17,13
831,119,208.0,11,13,1,17,23
832,56,208.0,7,2,1,17,20
833,109,208.0,11,10,1,17,13
834,37,230.0,11,2,1,17,23
835,180,250.0,6,12,1,17,16
836,91,251.0,11,11,1,17,20
837,62,273.0,11,11,1,17,23
838,70,302.0,8,10,1,17,7
839,97,303.0,7,13,1,17,13
840,22,310.0,11,11,1,17,5
841,14,321.0,2,11,1,17,5
842,63,330.0,8,11,1,17,24
843,53,350.0,7,11,1,17,20
844,38,360.0,11,11,1,17,20
845,42,361.0,8,11,1,17,7
846,14,362.0,11,9,1,17,13
847,4,396.0,0,18,2,17,1
848,1,400.0,0,18,2,17,1
849,4,401.0,0,18,0,17,1
850,14,417.0,8,9,1,17,7
851,9,462.0,11,15,1,17,13
852,0,499.0,5,11,5,17,9
853,46,512.0,11,11,1,17,9
854,25,520.0,12,11,1,17,24
855,39,535.0,7,11,1,17,24
856,18,547.0,11,11,1,17,17
857,19,553.0,7,5,1,17,17
858,60,557.0,7,11,1,17,17
859,16,561.0,11,15,1,17,13
860,6,598.0,11,2,7,17,5
861,5,599.0,11,9,7,17,7
862,5,601.0,1,9,7,17,22
863,0,601.0,1,9,7,17,22
864,8,616.0,2,11,5,17,9
865,1,616.0,2,11,5,17,9
866,11,646.0,7,9,1,17,17
867,46,652.0,11,11,1,17,20
868,1,669.0,1,5,5,17,19
869,7,680.0,7,9,1,17,23
870,21,690.0,11,9,1,17,5
871,5,691.0,0,0,6,17,1
872,2,693.0,0,0,2,17,1
873,1,694.0,0,0,2,17,1
874,1,695.0,0,0,2,17,1
875,2,696.0,0,0,6,17,1
876,7,697.0,0,0,6,17,1
877,7,698.0,0,0,6,17,1
878,5,699.0,0,0,6,17,1
879,6,701.0,0,0,6,17,1
880,4,760.0,7,9,1,17,9
881,17,764.0,7,9,1,17,20
882,27,102.0,7,11,1,18,5
883,129,202.0,8,15,1,18,10
884,114,202.0,11,20,1,18,9
885,84,202.0,6,25,1,18,18
886,161,206.0,7,9,1,18,13
887,142,208.0,11,12,1,18,9
888,52,208.0,7,9,1,18,5
889,0,208.0,7,0,1,18,23
890,208,250.0,8,13,1,18,7
891,111,251.0,7,11,1,18,17
892,28,252.0,11,11,1,18,20
893,84,273.0,11,11,1,18,23
894,92,302.0,8,23,1,18,20
895,67,310.0,6,9,1,18,10
896,81,322.0,2,11,1,18,20
897,64,360.0,11,9,1,18,13
898,40,361.0,12,11,1,18,7
899,14,364.0,8,11,1,18,16
900,11,396.0,0,18,2,18,1
901,2,400.0,0,18,2,18,1
902,6,401.0,0,18,0,18,1
903,101,421.0,11,20,1,18,17
904,114,424.0,7,10,1,18,20
905,5,499.0,13,14,5,18,20
906,41,521.0,7,11,1,18,17
907,14,522.0,11,9,1,18,10
908,15,525.0,8,11,1,18,7
909,32,527.0,7,2,1,18,13
910,6,531.0,11,9,1,18,23
911,15,540.0,11,11,1,18,9
912,27,558.0,7,11,1,18,13
913,17,567.0,7,9,1,18,9
914,20,575.0,7,11,1,18,23
915,2,601.0,1,9,7,18,22
916,17,610.0,11,9,1,18,5
917,6,616.0,13,14,5,18,20
918,1,616.0,13,14,5,18,20
919,9,618.0,11,11,1,18,23
920,12,621.0,11,9,1,18,5
921,6,647.0,11,11,1,18,13
922,10,655.0,7,9,1,18,19
923,29,667.0,7,9,1,18,9
924,0,669.0,1,5,5,18,19
925,5,691.0,0,0,6,18,1
926,4,693.0,0,0,2,18,1
927,4,694.0,0,0,2,18,1
928,4,695.0,0,0,2,18,1
929,5,696.0,0,0,6,18,1
930,3,697.0,0,0,6,18,1
931,5,698.0,0,0,6,18,1
932,8,699.0,0,0,6,18,1
933,5,701.0,0,0,3,18,1
934,6,761.0,11,9,1,18,19
935,5,762.0,7,9,1,18,17
936,12,765.0,7,9,1,18,5
937,13,767.0,7,9,1,18,22
938,57,189.0,8,11,1,19,5
939,202,202.0,8,9,1,19,7
940,185,202.0,11,12,1,19,20
941,188,202.0,8,9,1,19,16
942,4,202.0,11,9,1,19,25
943,150,206.0,6,11,1,19,13
944,77,208.0,11,13,1,19,23
945,65,208.0,7,9,1,19,20
946,109,208.0,11,10,1,19,13
947,52,230.0,11,2,1,19,23
948,183,250.0,6,12,1,19,16
949,118,251.0,11,11,1,19,20
950,72,273.0,11,11,1,19,23
951,80,302.0,14,6,1,19,23
952,109,303.0,7,10,1,19,13
953,40,310.0,11,2,1,19,5
954,17,321.0,2,11,1,19,5
955,97,330.0,11,10,1,19,9
956,53,360.0,11,11,1,19,20
957,45,361.0,8,11,1,19,7
958,3,396.0,0,18,2,19,1
959,1,396.0,0,0,2,19,1
960,4,400.0,0,18,2,19,1
961,4,401.0,0,18,0,19,1
962,17,417.0,8,5,1,19,7
963,11,462.0,11,24,1,19,13
964,11,499.0,13,14,5,19,20
965,46,512.0,0,10,1,19,9
966,28,520.0,12,11,1,19,24
967,45,533.0,11,11,1,19,13
968,53,535.0,7,10,1,19,24
969,32,553.0,11,11,1,19,5
970,54,557.0,7,11,1,19,17
971,24,561.0,11,24,1,19,13
972,14,598.0,3,9,7,19,8
973,7,599.0,11,9,7,19,7
974,0,601.0,1,9,7,19,22
975,6,616.0,13,14,5,19,20
976,1,616.0,13,14,5,19,20
977,61,652.0,11,11,1,19,20
978,16,690.0,11,9,1,19,5
979,6,691.0,0,0,6,19,1
980,1,693.0,0,0,2,19,1
981,2,694.0,0,0,2,19,1
982,1,695.0,0,0,2,19,1
983,8,696.0,0,0,6,19,1
984,6,697.0,0,0,6,19,1
985,11,698.0,0,0,6,19,1
986,10,699.0,0,0,6,19,1
987,7,701.0,0,0,6,19,1
988,8,760.0,7,9,1,19,17
989,6,762.0,13,9,1,19,4
990,19,764.0,7,9,1,19,20
991,56,102.0,7,11,1,20,5
992,183,202.0,8,15,1,20,10
993,152,202.0,11,20,1,20,9
994,97,202.0,6,25,1,20,22
995,208,206.0,7,9,1,20,13
996,177,208.0,11,12,1,20,9
997,43,208.0,7,9,1,20,5
998,0,208.0,7,0,1,20,23
999,236,250.0,8,13,1,20,7
1000,120,251.0,7,11,1,20,17
1001,39,252.0,11,11,1,20,20
1002,126,273.0,11,11,1,20,23
1003,106,302.0,8,23,1,20,20
1004,63,310.0,6,9,1,20,10
1005,93,322.0,10,11,1,20,20
1006,74,360.0,11,2,1,20,13
1007,44,361.0,12,11,1,20,7
1008,20,362.0,11,9,1,20,13
1009,10,364.0,8,11,1,20,16
1010,10,396.0,0,18,2,20,1
1011,10,400.0,0,18,2,20,1
1012,9,401.0,0,18,0,20,1
1013,109,421.0,11,20,1,20,17
1014,130,424.0,7,10,1,20,20
1015,30,521.0,7,11,1,20,20
1016,16,523.0,14,11,1,20,19
1017,34,529.0,7,11,1,20,5
1018,14,531.0,7,9,1,20,5
1019,27,547.0,11,11,1,20,17
1020,30,558.0,7,11,1,20,13
1021,16,559.0,11,11,1,20,13
1022,24,598.0,11,9,7,20,9
1023,15,598.0,7,4,7,20,9
1024,5,599.0,11,9,7,20,20
1025,1,601.0,1,9,7,20,22
1026,26,610.0,11,9,1,20,5
1027,6,616.0,2,11,5,20,9
1028,2,616.0,2,11,5,20,9
1029,11,618.0,13,0,1,20,9
1030,15,621.0,11,9,1,20,5
1031,13,646.0,7,4,1,20,9
1032,4,691.0,0,0,6,20,1
1033,6,693.0,0,0,2,20,1
1034,5,694.0,0,0,2,20,1
1035,7,695.0,0,0,2,20,1
1036,6,696.0,0,0,6,20,1
1037,4,697.0,0,0,6,20,1
1038,12,698.0,0,0,6,20,1
1039,12,699.0,0,0,6,20,1
1040,4,701.0,0,0,6,20,1
1041,9,765.0,7,9,1,20,9
1042,22,766.0,11,9,1,20,9
1043,18,767.0,7,9,1,20,20
1044,47,102.0,7,11,1,21,9
1045,66,189.0,6,11,1,21,5
1046,241,202.0,8,13,1,21,10
1047,221,202.0,11,13,1,21,17
1048,215,202.0,8,13,1,21,22
1049,198,206.0,8,15,1,21,7
1050,79,208.0,11,9,1,21,23
1051,73,208.0,10,14,1,21,20
1052,120,208.0,11,11,1,21,9
1053,72,230.0,11,11,1,21,17
1054,258,250.0,8,12,1,21,10
1055,149,251.0,8,9,1,21,5
1056,100,273.0,7,11,1,21,17
1057,101,302.0,11,25,1,21,20
1058,118,303.0,11,23,1,21,9
1059,55,310.0,7,10,1,21,9
1060,20,321.0,1,11,1,21,24
1061,77,330.0,11,23,1,21,13
1062,68,350.0,7,11,1,21,20
1063,54,360.0,11,11,1,21,5
1064,46,361.0,8,11,1,21,5
1065,2,396.0,0,0,2,21,1
1066,9,400.0,0,0,2,21,1
1067,7,401.0,0,0,0,21,1
1068,33,409.0,7,11,1,21,9
1069,21,417.0,8,11,1,21,5
1070,12,462.0,7,11,1,21,9
1071,15,499.0,10,0,5,21,20
1072,42,512.0,11,11,1,21,13
1073,22,520.0,8,11,1,21,24
1074,39,533.0,7,11,1,21,20
1075,43,535.0,12,11,1,21,10
1076,34,540.0,11,9,1,21,17
1077,14,552.0,11,5,1,21,17
1078,27,553.0,11,11,1,21,20
1079,52,557.0,7,11,1,21,13
1080,37,558.0,11,11,1,21,5
1081,21,561.0,7,11,1,21,9
1082,13,567.0,11,11,1,21,13
1083,36,598.0,7,9,7,21,20
1084,1,601.0,1,9,7,21,20
1085,6,616.0,10,0,5,21,20
1086,2,616.0,10,0,5,21,20
1087,21,690.0,7,9,1,21,5
1088,7,691.0,0,0,6,21,1
1089,0,693.0,0,0,2,21,1
1090,1,694.0,0,0,2,21,1
1091,0,695.0,0,0,2,21,1
1092,7,696.0,0,0,6,21,1
1093,3,697.0,0,0,6,21,1
1094,16,698.0,0,0,6,21,1
1095,16,699.0,0,0,6,21,1
1096,3,701.0,0,0,6,21,1
1097,11,763.0,13,9,1,21,13
1098,57,102.0,11,11,1,22,5
1099,142,202.0,6,21,1,22,20
1100,164,202.0,7,11,1,22,9
1101,159,202.0,8,11,1,22,22
1102,223,206.0,11,9,1,22,13
1103,124,208.0,11,11,1,22,20
1104,92,208.0,7,10,1,22,9
1105,0,208.0,0,0,1,22,1
1106,274,250.0,7,9,1,22,7
1107,194,251.0,11,4,1,22,9
1108,42,252.0,11,11,1,22,9
1109,136,273.0,7,5,1,22,23
1110,156,302.0,8,5,1,22,10
1111,51,310.0,12,12,1,22,7
1112,115,322.0,10,11,1,22,18
1113,76,360.0,7,11,1,22,20
1114,46,361.0,8,13,1,22,5
1115,12,362.0,7,11,1,22,5
1116,21,364.0,6,11,1,22,24
1117,14,396.0,0,0,2,22,1
1118,9,400.0,0,0,2,22,1
1119,8,401.0,0,0,0,22,1
1120,119,421.0,11,20,1,22,13
1121,165,424.0,11,7,1,22,20
1122,44,521.0,7,11,1,22,20
1123,21,527.0,11,11,1,22,20
1124,51,529.0,11,11,1,22,9
1125,12,531.0,7,3,1,22,17
1126,16,547.0,7,11,1,22,9
1127,19,559.0,11,11,1,22,23
1128,13,598.0,7,9,7,22,20
1129,3,599.0,7,9,7,22,9
1130,0,601.0,1,9,7,22,20
1131,16,610.0,7,9,1,22,5
1132,6,616.0,10,0,5,22,9
1133,1,616.0,10,0,5,22,9
1134,11,618.0,2,0,1,22,13
1135,8,621.0,7,9,1,22,13
1136,17,642.0,7,9,1,22,20
1137,58,652.0,7,11,1,22,17
1138,11,680.0,7,11,1,22,23
1139,4,691.0,0,0,6,22,1
1140,2,693.0,0,0,2,22,1
1141,1,694.0,0,0,2,22,1
1142,2,695.0,0,0,2,22,1
1143,6,696.0,0,0,6,22,1
1144,9,697.0,0,0,6,22,1
1145,18,698.0,0,0,6,22,1
1146,19,699.0,0,0,6,22,1
1147,6,701.0,0,0,6,22,1
1148,4,760.0,10,9,1,22,21
1149,8,762.0,11,9,1,22,20
1150,13,764.0,11,9,1,22,18
1151,14,765.0,11,9,1,22,10
1152,11,766.0,11,9,1,22,17
1153,7,767.0,7,9,1,22,9
1154,32,102.0,7,9,1,23,17
1155,73,189.0,6,6,1,23,20
1156,297,202.0,8,1,1,23,7
1157,232,202.0,11,14,1,23,17
1158,249,202.0,8,21,1,23,16
1159,222,206.0,6,14,1,23,24
1160,97,208.0,7,9,1,23,17
1161,117,208.0,7,13,1,23,23
1162,107,208.0,11,11,1,23,9
1163,84,230.0,7,10,1,23,23
1164,155,250.0,8,11,1,23,7
1165,157,250.0,8,11,1,23,13
1166,125,251.0,8,12,1,23,13
1167,129,273.0,7,11,1,23,20
1168,155,302.0,11,11,1,23,20
1169,139,303.0,11,11,1,23,23
1170,50,307.0,11,11,1,23,10
1171,61,310.0,11,11,1,23,5
1172,118,330.0,11,12,1,23,13
1173,103,350.0,7,21,1,23,9
1174,66,360.0,11,25,1,23,17
1175,67,361.0,7,11,1,23,20
1176,6,396.0,0,0,2,23,1
1177,12,400.0,0,0,2,23,1
1178,6,401.0,0,0,0,23,1
1179,41,409.0,14,5,1,23,9
1180,23,417.0,11,9,1,23,9
1181,28,462.0,7,11,1,23,17
1182,18,499.0,9,9,5,23,20
1183,27,525.0,11,11,1,23,23
1184,16,533.0,11,11,1,23,5
1185,28,535.0,12,20,1,23,7
1186,13,540.0,7,11,1,23,17
1187,41,553.0,7,20,1,23,23
1188,28,561.0,7,11,1,23,17
1189,6,566.0,8,9,1,23,5
1190,63,598.0,11,11,7,23,13
1191,16,599.0,7,9,7,23,20
1192,9,601.0,1,9,7,23,20
1193,14,616.0,9,9,5,23,20
1194,2,616.0,9,9,5,23,20
1195,21,690.0,7,9,1,23,5
1196,19,691.0,0,0,6,23,1
1197,1,693.0,0,0,2,23,1
1198,2,694.0,0,0,2,23,1
1199,1,695.0,0,0,2,23,1
1200,9,696.0,0,0,6,23,1
1201,12,697.0,0,0,6,23,1
1202,12,698.0,0,0,6,23,1
1203,6,699.0,0,0,6,23,1
1204,4,701.0,0,0,6,23,1
1205,2,765.0,0,0,1,23,1
1206,48,102.0,7,11,1,24,20
1207,129,202.0,8,15,1,24,22
1208,184,202.0,11,4,1,24,9
1209,147,202.0,8,21,1,24,16
1210,258,206.0,11,21,1,24,9
1211,134,208.0,7,12,1,24,17
1212,88,208.0,11,11,1,24,9
1213,250,250.0,8,1,1,24,7
1214,194,251.0,7,15,1,24,13
1215,48,252.0,11,11,1,24,13
1216,150,273.0,11,12,1,24,23
1217,158,302.0,8,15,1,24,10
1218,97,310.0,8,15,1,24,7
1219,133,322.0,9,11,1,24,18
1220,80,360.0,7,10,1,24,17
1221,66,361.0,11,11,1,24,20
1222,35,362.0,11,11,1,24,5
1223,39,364.0,12,11,1,24,10
1224,6,396.0,0,0,2,24,1
1225,8,400.0,0,0,2,24,1
1226,14,401.0,0,0,0,24,1
1227,136,421.0,14,11,1,24,23
1228,97,424.0,7,12,1,24,13
1229,47,520.0,12,9,1,24,10
1230,76,521.0,11,11,1,24,13
1231,26,523.0,7,11,1,24,9
1232,26,529.0,7,11,1,24,13
1233,20,531.0,7,20,1,24,20
1234,23,547.0,11,11,1,24,17
1235,122,557.0,11,11,1,24,20
1236,35,558.0,7,11,1,24,13
1237,9,567.0,11,9,1,24,13
1238,0,598.0,0,0,7,24,1
1239,11,598.0,11,9,7,24,17
1240,10,601.0,1,9,7,24,20
1241,13,616.0,2,11,5,24,9
1242,2,616.0,2,11,5,24,9
1243,21,618.0,10,11,1,24,20
1244,36,652.0,11,11,1,24,5
1245,10,691.0,0,0,6,24,1
1246,2,693.0,0,0,2,24,1
1247,2,694.0,0,0,2,24,1
1248,3,695.0,0,0,2,24,1
1249,13,696.0,0,0,6,24,1
1250,12,697.0,0,0,6,24,1
1251,11,698.0,0,0,6,24,1
1252,17,699.0,0,0,6,24,1
1253,9,701.0,0,0,6,24,1
1254,4,760.0,7,9,1,24,9
1255,4,764.0,7,9,1,24,20
1256,38,102.0,11,9,1,25,21
1257,307,202.0,8,1,1,25,10
1258,293,202.0,11,14,1,25,17
1259,233,202.0,8,1,1,25,16
1260,237,206.0,8,14,1,25,5
1261,55,208.0,11,25,1,25,23
1262,94,208.0,7,11,1,25,13
1263,110,208.0,11,11,1,25,13
1264,82,230.0,11,20,1,25,23
1265,163,250.0,8,15,1,25,20
1266,176,250.0,8,15,1,25,13
1267,190,251.0,11,9,1,25,13
1268,97,273.0,11,11,1,25,20
1269,168,302.0,11,9,1,25,9
1270,125,303.0,8,20,1,25,7
1271,39,307.0,7,11,1,25,20
1272,75,310.0,14,11,1,25,23
1273,152,330.0,11,20,1,25,13
1274,119,350.0,7,12,1,25,13
1275,90,360.0,11,10,1,25,17
1276,60,361.0,7,11,1,25,13
1277,8,396.0,0,0,2,25,1
1278,6,400.0,0,0,2,25,1
1279,6,401.0,0,0,0,25,1
1280,25,462.0,14,11,1,25,9
1281,18,499.0,0,0,5,25,1
1282,58,512.0,11,14,1,25,9
1283,17,529.0,7,6,1,25,9
1284,31,535.0,8,11,1,25,5
1285,13,540.0,7,9,1,25,7
1286,17,546.0,11,9,1,25,13
1287,38,553.0,11,20,1,25,20
1288,42,557.0,14,11,1,25,23
1289,28,561.0,14,11,1,25,9
1290,81,598.0,14,5,7,25,13
1291,5,598.0,11,9,7,25,13
1292,39,599.0,11,9,7,25,17
1293,9,599.0,7,9,7,25,9
1294,27,601.0,1,11,7,25,20
1295,2,616.0,2,11,5,25,17
1296,0,616.0,2,11,5,25,17
1297,11,621.0,7,9,1,25,17
1298,22,690.0,7,9,1,25,5
1299,10,691.0,0,0,6,25,1
1300,2,693.0,0,0,2,25,1
1301,1,694.0,0,0,2,25,1
1302,1,695.0,0,0,2,25,1
1303,3,696.0,0,0,6,25,1
1304,4,697.0,0,0,6,25,1
1305,8,698.0,0,0,6,25,1
1306,12,699.0,0,0,6,25,1
1307,8,701.0,0,0,6,25,1
1308,3,761.0,13,9,1,25,21
1309,8,762.0,10,9,1,25,20
1310,69,102.0,11,14,1,26,20
1311,197,202.0,11,15,1,26,9
1312,193,202.0,7,12,1,26,9
1313,176,202.0,8,11,1,26,16
1314,315,206.0,11,23,1,26,23
1315,63,208.0,7,12,1,26,13
1316,115,208.0,7,11,1,26,20
1317,357,250.0,11,23,1,26,17
1318,185,251.0,7,12,1,26,5
1319,29,252.0,14,11,1,26,9
1320,194,273.0,7,9,1,26,20
1321,203,302.0,8,15,1,26,24
1322,79,303.0,7,12,1,26,23
1323,87,310.0,8,15,1,26,10
1324,130,322.0,2,9,1,26,18
1325,98,360.0,7,14,1,26,13
1326,60,361.0,11,5,1,26,17
1327,23,362.0,11,11,1,26,20
1328,33,364.0,6,11,1,26,10
1329,21,396.0,0,0,2,26,1
1330,10,400.0,0,0,2,26,1
1331,8,401.0,0,0,0,26,1
1332,43,417.0,7,9,1,26,9
1333,209,421.0,11,12,1,26,9
1334,195,424.0,11,12,1,26,20
1335,3,499.0,0,0,5,26,1
1336,57,520.0,12,9,1,26,13
1337,40,527.0,11,9,1,26,17
1338,11,531.0,7,11,1,26,23
1339,9,552.0,11,5,1,26,13
1340,22,559.0,11,11,1,26,23
1341,10,567.0,7,9,1,26,17
1342,28,599.0,7,9,7,26,13
1343,9,601.0,1,9,7,26,20
1344,6,610.0,11,9,1,26,5
1345,2,616.0,10,11,5,26,17
1346,2,616.0,10,11,5,26,17
1347,20,618.0,2,11,1,26,20
1348,13,642.0,11,9,1,26,20
1349,2,647.0,7,9,1,26,13
1350,57,652.0,11,10,1,26,9
1351,5,691.0,0,0,6,26,1
1352,2,693.0,0,0,2,26,1
1353,2,694.0,0,0,2,26,1
1354,1,695.0,0,0,2,26,1
1355,6,696.0,0,0,6,26,1
1356,8,697.0,0,0,6,26,1
1357,9,698.0,0,0,6,26,1
1358,13,699.0,0,0,6,26,1
1359,10,701.0,0,0,6,26,1
1360,0,760.0,11,9,1,26,13
1361,6,760.0,7,9,1,26,5
1362,0,764.0,7,9,1,26,17
1363,5,765.0,7,9,1,26,9
1364,60,102.0,7,11,1,27,23
1365,73,189.0,6,23,1,27,20
1366,250,202.0,8,1,1,27,5
1367,249,202.0,11,23,1,27,5
1368,209,202.0,8,21,1,27,24
1369,310,206.0,8,21,1,27,16
1370,114,208.0,11,9,1,27,9
1371,139,208.0,11,11,1,27,17
1372,0,208.0,0,0,1,27,1
1373,52,230.0,7,8,1,27,9
1374,426,250.0,8,20,1,27,24
1375,0,250.0,0,0,1,27,1
1376,166,251.0,7,9,1,27,20
1377,107,273.0,11,23,1,27,13
1378,163,302.0,8,15,1,27,7
1379,185,303.0,9,7,1,27,20
1380,59,307.0,14,11,1,27,9
1381,76,310.0,14,11,1,27,23
1382,35,321.0,1,11,1,27,24
1383,151,330.0,11,15,1,27,17
1384,112,350.0,8,9,1,27,18
1385,98,360.0,11,21,1,27,9
1386,69,361.0,11,5,1,27,13
1387,9,396.0,0,0,2,27,1
1388,8,400.0,0,0,2,27,1
1389,14,401.0,0,0,0,27,1
1390,3,402.0,0,0,4,27,1
1391,38,462.0,7,11,1,27,9
1392,21,499.0,13,9,5,27,20
1393,49,529.0,7,2,1,27,17
1394,46,533.0,11,20,1,27,5
1395,33,540.0,7,9,1,27,13
1396,109,551.0,11,10,1,27,17
1397,28,553.0,11,5,1,27,17
1398,51,557.0,11,11,1,27,5
1399,25,561.0,7,11,1,27,9
1400,19,598.0,11,21,7,27,23
1401,44,599.0,7,9,7,27,17
1402,0,599.0,0,0,7,27,1
1403,47,601.0,1,9,7,27,20
1404,10,621.0,11,9,1,27,9
1405,22,690.0,11,9,1,27,5
1406,16,691.0,0,0,6,27,1
1407,0,693.0,0,0,2,27,1
1408,1,694.0,0,0,2,27,1
1409,1,695.0,0,0,2,27,1
1410,10,696.0,0,0,6,27,1
1411,8,697.0,0,0,6,27,1
1412,14,698.0,0,0,6,27,1
1413,6,699.0,0,0,6,27,1
1414,3,701.0,0,0,6,27,1
1415,8,762.0,11,16,1,27,13
1416,9,766.0,11,9,1,27,17
1417,9,767.0,11,9,1,27,13
1418,69,102.0,11,11,1,28,20
1419,189,202.0,11,9,1,28,17
1420,215,202.0,11,9,1,28,20
1421,168,202.0,8,15,1,28,7
1422,330,206.0,7,23,1,28,20
1423,109,208.0,11,23,1,28,13
1424,93,208.0,11,10,1,28,20
1425,418,250.0,11,23,1,28,5
1426,279,251.0,11,13,1,28,13
1427,55,252.0,11,11,1,28,5
1428,192,273.0,7,4,1,28,23
1429,209,302.0,12,12,1,28,7
1430,50,303.0,11,21,1,28,17
1431,89,310.0,8,13,1,28,5
1432,40,321.0,10,9,1,28,9
1433,106,322.0,2,5,1,28,18
1434,106,360.0,7,23,1,28,20
1435,69,361.0,11,11,1,28,13
1436,25,362.0,11,11,1,28,13
1437,14,396.0,0,0,2,28,1
1438,9,400.0,0,0,2,28,1
1439,4,401.0,0,0,0,28,1
1440,3,402.0,0,0,4,28,1
1441,48,409.0,14,11,1,28,13
1442,44,417.0,11,11,1,28,5
1443,177,421.0,7,4,1,28,13
1444,185,424.0,11,4,1,28,5
1445,3,499.0,0,0,5,28,1
1446,42,520.0,8,10,1,28,18
1447,78,521.0,7,11,1,28,20
1448,28,525.0,11,11,1,28,13
1449,6,531.0,7,9,1,28,20
1450,42,535.0,6,11,1,28,10
1451,26,546.0,11,5,1,28,13
1452,23,547.0,7,11,1,28,9
1453,129,551.0,11,2,1,28,17
1454,5,554.0,2,5,1,28,20
1455,17,558.0,7,0,1,28,9
1456,18,559.0,7,9,1,28,9
1457,29,601.0,1,9,7,28,20
1458,8,610.0,11,9,1,28,17
1459,7,614.0,7,11,1,28,5
1460,11,642.0,11,9,1,28,13
1461,56,652.0,11,11,1,28,17
1462,20,680.0,11,9,1,28,20
1463,8,691.0,0,0,6,28,1
1464,4,693.0,0,0,2,28,1
1465,4,694.0,0,0,2,28,1
1466,3,695.0,0,0,2,28,1
1467,11,696.0,0,0,6,28,1
1468,7,697.0,0,0,6,28,1
1469,8,698.0,0,0,6,28,1
1470,15,699.0,0,0,6,28,1
1471,3,701.0,0,0,6,28,1
1472,7,760.0,11,9,1,28,23
1473,0,760.0,0,0,1,28,1
1474,5,761.0,1,0,1,28,19
1475,0,765.0,0,0,1,28,1
1476,11,765.0,7,9,1,28,17
1477,0,767.0,0,0,1,28,1
1478,52,767.0,1,9,1,28,9
1479,303,202.0,8,1,1,29,5
1480,341,202.0,11,1,1,29,13
1481,233,202.0,8,13,1,29,18
1482,309,206.0,8,1,1,29,7
1483,126,206.0,8,13,1,29,10
1484,117,208.0,11,20,1,29,13
1485,119,208.0,11,11,1,29,23
1486,0,208.0,0,0,1,29,1
1487,105,230.0,11,9,1,29,23
1488,421,250.0,8,14,1,29,10
1489,186,250.0,4,15,1,29,20
1490,257,251.0,11,20,1,29,5
1491,171,273.0,14,14,1,29,23
1492,223,302.0,12,14,1,29,10
1493,49,302.0,12,21,1,29,16
1494,100,303.0,11,9,1,29,23
1495,74,307.0,7,11,1,29,17
1496,93,310.0,7,11,1,29,17
1497,60,321.0,1,10,1,29,7
1498,148,330.0,11,9,1,29,17
1499,120,350.0,8,11,1,29,5
1500,128,360.0,7,2,1,29,20
1501,61,361.0,7,10,1,29,13
1502,41,364.0,8,8,1,29,22
1503,14,396.0,0,0,2,29,1
1504,11,400.0,0,0,2,29,1
1505,11,401.0,0,0,0,29,1
1506,5,402.0,0,0,4,29,1
1507,51,417.0,11,9,1,29,18
1508,38,462.0,11,10,1,29,5
1509,27,499.0,1,2,5,29,5
1510,69,512.0,11,11,1,29,9
1511,42,521.0,11,20,1,29,20
1512,18,523.0,11,11,1,29,20
1513,51,533.0,7,20,1,29,20
1514,86,550.0,11,13,1,29,23
1515,157,551.0,2,12,1,29,17
1516,45,553.0,11,11,1,29,13
1517,43,558.0,14,9,1,29,9
1518,30,561.0,11,10,1,29,5
1519,8,598.0,11,20,7,29,13
1520,49,601.0,1,9,7,29,20
1521,61,652.0,2,21,1,29,20
1522,23,690.0,7,9,1,29,5
1523,17,691.0,0,0,6,29,1
1524,3,693.0,0,0,2,29,1
1525,3,694.0,0,0,2,29,1
1526,1,695.0,0,0,2,29,1
1527,11,696.0,0,0,6,29,1
1528,11,697.0,0,0,6,29,1
1529,18,698.0,0,0,6,29,1
1530,13,699.0,0,0,6,29,1
1531,8,701.0,0,0,6,29,1
1532,6,760.0,9,5,1,29,17
1533,16,765.0,11,9,1,29,18
1534,12,767.0,14,11,1,29,23
